{
  "model_name": "contam_10T_0.01spot-0.08fac",
  "dof": 374,
  "chi2": 315.31796392922223,
  "chi2_reduced": 0.8430961602385622
}