model_name,dof,chi2,chi2_reduced
contam_10T_0.01spot-0.08fac,374,315.31796392922223,0.8430961602385622
